

INSERT INTO `storefront`.`states` (`ID`, `stateName`) VALUES (1, 'aaa');
INSERT INTO `storefront`.`states` (`ID`, `stateName`) VALUES (2, 'bbb');
INSERT INTO `storefront`.`states` (`ID`, `stateName`) VALUES (3, 'ccc');
INSERT INTO `storefront`.`states` (`ID`, `stateName`) VALUES (4, 'ddd');


INSERT INTO `storefront`.`cities` (`ID`, `cityName`) VALUES (1, 'a');
INSERT INTO `storefront`.`cities` (`ID`, `cityName`) VALUES (2, 'b');
INSERT INTO `storefront`.`cities` (`ID`, `cityName`) VALUES (3, 'c');
INSERT INTO `storefront`.`cities` (`ID`, `cityName`) VALUES (4, 'd');
INSERT INTO `storefront`.`cities` (`ID`, `cityName`) VALUES (5, 'e');
INSERT INTO `storefront`.`cities` (`ID`, `cityName`) VALUES (6, 'f');
INSERT INTO `storefront`.`cities` (`ID`, `cityName`) VALUES (7, 'g');
INSERT INTO `storefront`.`cities` (`ID`, `cityName`) VALUES (8, 'h');
INSERT INTO `storefront`.`cities` (`ID`, `cityName`) VALUES (9, 'i');
INSERT INTO `storefront`.`cities` (`ID`, `cityName`) VALUES (10, 'j');



INSERT INTO `storefront`.`zips` (`ID`, `zip`) VALUES (1, '11111');
INSERT INTO `storefront`.`zips` (`ID`, `zip`) VALUES (2, '111111');
INSERT INTO `storefront`.`zips` (`ID`, `zip`) VALUES (3, '111113');
INSERT INTO `storefront`.`zips` (`ID`, `zip`) VALUES (4, '111114');
INSERT INTO `storefront`.`zips` (`ID`, `zip`) VALUES (5, '11115');
INSERT INTO `storefront`.`zips` (`ID`, `zip`) VALUES (6, '111116');
INSERT INTO `storefront`.`zips` (`ID`, `zip`) VALUES (7, '111117');
INSERT INTO `storefront`.`zips` (`ID`, `zip`) VALUES (8, '111118');
INSERT INTO `storefront`.`zips` (`ID`, `zip`) VALUES (9, '111118');
INSERT INTO `storefront`.`zips` (`ID`, `zip`) VALUES (10, '111119');
INSERT INTO `storefront`.`zips` (`ID`, `zip`) VALUES (11, '111120');
INSERT INTO `storefront`.`zips` (`ID`, `zip`) VALUES (12, '111128');
INSERT INTO `storefront`.`zips` (`ID`, `zip`) VALUES (13, '111138');
INSERT INTO `storefront`.`zips` (`ID`, `zip`) VALUES (14, '111148');
INSERT INTO `storefront`.`zips` (`ID`, `zip`) VALUES (15, '111158');


INSERT INTO `storefront`.`zipcity` (`ID`, `zipId`, `cityId`) VALUES (1, 1, 1);
INSERT INTO `storefront`.`zipcity` (`ID`, `zipId`, `cityId`) VALUES (2, 2, 2);
INSERT INTO `storefront`.`zipcity` (`ID`, `zipId`, `cityId`) VALUES (3, 3, 3);
INSERT INTO `storefront`.`zipcity` (`ID`, `zipId`, `cityId`) VALUES (4, 4, 4);
INSERT INTO `storefront`.`zipcity` (`ID`, `zipId`, `cityId`) VALUES (5, 5, 5);
INSERT INTO `storefront`.`zipcity` (`ID`, `zipId`, `cityId`) VALUES (6, 6, 6);
INSERT INTO `storefront`.`zipcity` (`ID`, `zipId`, `cityId`) VALUES (7, 7, 7);
INSERT INTO `storefront`.`zipcity` (`ID`, `zipId`, `cityId`) VALUES (8, 8, 8);
INSERT INTO `storefront`.`zipcity` (`ID`, `zipId`, `cityId`) VALUES (9, 9, 9);
INSERT INTO `storefront`.`zipcity` (`ID`, `zipId`, `cityId`) VALUES (10, 10, 10);
INSERT INTO `storefront`.`zipcity` (`ID`, `zipId`, `cityId`) VALUES (11, 11, 1);
INSERT INTO `storefront`.`zipcity` (`ID`, `zipId`, `cityId`) VALUES (12, 12, 2);
INSERT INTO `storefront`.`zipcity` (`ID`, `zipId`, `cityId`) VALUES (13, 13, 3);
INSERT INTO `storefront`.`zipcity` (`ID`, `zipId`, `cityId`) VALUES (14, 14, 4);
INSERT INTO `storefront`.`zipcity` (`ID`, `zipId`, `cityId`) VALUES (15, 15, 5);

INSERT INTO `storefront`.`citystate` (`ID`, `stateId`, `cityId`) VALUES (1, 1, 1);
INSERT INTO `storefront`.`citystate` (`ID`, `stateId`, `cityId`) VALUES (2, 2, 2);
INSERT INTO `storefront`.`citystate` (`ID`, `stateId`, `cityId`) VALUES (3, 3, 3);
INSERT INTO `storefront`.`citystate` (`ID`, `stateId`, `cityId`) VALUES (4, 4, 4);
INSERT INTO `storefront`.`citystate` (`ID`, `stateId`, `cityId`) VALUES (5, 1, 5);
INSERT INTO `storefront`.`citystate` (`ID`, `stateId`, `cityId`) VALUES (6, 2, 6);
INSERT INTO `storefront`.`citystate` (`ID`, `stateId`, `cityId`) VALUES (7, 3, 7);
INSERT INTO `storefront`.`citystate` (`ID`, `stateId`, `cityId`) VALUES (8, 4, 8);
INSERT INTO `storefront`.`citystate` (`ID`, `stateId`, `cityId`) VALUES (9, 1, 9);
INSERT INTO `storefront`.`citystate` (`ID`, `stateId`, `cityId`) VALUES (10, 2, 10);



